{"cameraMode":{"drawMode":0,"name":"Shaded","section":"Shading Mode"},"sceneLighting":true,"audioPlay":false,"sceneViewState":{"m_AlwaysRefresh":false,"showFog":true,"showSkybox":true,"showFlares":true,"showImageEffects":true,"showParticleSystems":true,"showVisualEffectGraphs":true,"m_FxEnabled":true},"in2DMode":false,"pivot":{"x":48.826873779296878,"y":-36.79832077026367,"z":315.24798583984377},"rotation":{"x":0.16167773306369782,"y":0.10946711152791977,"z":-0.01804862543940544,"w":0.9805884957313538},"size":263.1646423339844,"orthographic":false}